student_id,experiment_score,temperature,humidity
S001,85.5,22.3,45.2
S002,92.0,22.254545454545454,58.6
S003,78.5,20.1,53.71
S004,88.0,23.5,52.1
S005,86.22727272727273,21.8,49.3
S006,95.5,24.2,61.0
S007,81.0,19.5,53.71
S008,89.5,22.254545454545454,55.8
S009,76.0,22.0,48.5
S010,93.0,23.1,60.2
S011,87.5,20.8,53.71
S012,82.0,25.0,56.3
S013,86.22727272727273,22.5,50.1
